current_time,Ndate,Sdate,Shift,customer,tester,status,step,maxsites,runsiteqty,device,family,SE,Class,RowID
2024/08/15 08:50:03,2024/8/15,2024/8/15,day,NVT,QAMN01,RUN,RT2       ,6,6,SV72203TBG/WABAACU,nan,None,B,9755252
2024/08/15 08:50:03,2024/8/15,2024/8/15,day,NVT,QAMN02,RUN,MT        ,6,6,SV72203TBG/WABAACU,nan,None,B,9755253
2024/08/15 08:50:03,2024/8/15,2024/8/15,day,NVT,QAMN03,RUN,RT2       ,6,6,NT72335PG-VB/AAA,nan,None,B,9755254
2024/08/15 08:50:03,2024/8/15,2024/8/15,day,NVT,QAMN04,RUN,MT        ,6,6,SV72193BG/ABACU-V,nan,None,B,9755255
2024/08/15 08:50:03,2024/8/15,2024/8/15,day,NVT,QAMN05,RUN,MT        ,6,6,SV72191BG/AAACUC-V,nan,None,B,9755256
2024/08/15 08:50:03,2024/8/15,2024/8/15,day,NVT,QAMN06,SETUP,MT        ,6,0,NC98691PG/AAA,nan,葉國彥,B,9755257
2024/08/15 08:50:03,2024/8/15,2024/8/15,day,NVT,QAMN07,RUN,MT        ,6,6,SV72203TBG/WABAACU,nan,None,B,9755258
2024/08/15 08:50:03,2024/8/15,2024/8/15,day,NVT,QAMN08,IDLE_L,MT        ,6,0,,nan,None,B,9755259
2024/08/15 08:50:03,2024/8/15,2024/8/15,day,NVT,QAMN09,RUN,MT        ,6,6,NT68297UMFG/CABAACU,nan,None,B,9755260
2024/08/15 08:50:03,2024/8/15,2024/8/15,day,NVT,QAMN10,RUN,MT3       ,6,6,SV72203TBG/WABAACU,nan,None,B,9755261
2024/08/15 08:50:03,2024/8/15,2024/8/15,day,NVT,QAMN11,RUN,MT        ,6,6,NT72690TBG-8C2K/WBBAACUFQ,nan,None,B,9755262
2024/08/15 08:50:03,2024/8/15,2024/8/15,day,NVT,QAMN12,RUN,MT2       ,6,6,NT72327PG/AAA,nan,None,B,9755263
2024/08/15 08:50:03,2024/8/15,2024/8/15,day,NVT,QAMN13,RUNP,MT        ,8,8,NT72335PG-VA/AAA,nan,None,B,9755264
2024/08/15 08:50:03,2024/8/15,2024/8/15,day,NVT,QAMN14,RUN,EQC       ,8,8,NT72335PG-VA/AAA,nan,None,B,9755265
2024/08/15 08:50:03,2024/8/15,2024/8/15,day,NVT,QAMN15,RUN,EQC       ,8,8,NT72327PG/AAA,nan,None,B,9755266
2024/08/15 08:50:03,2024/8/15,2024/8/15,day,MTK,QAMT01,SETUPW_L,EQC       ,6,0,MS72320CHU/4MAZAA20-L,MS7232,None,B,9755267
2024/08/15 08:50:03,2024/8/15,2024/8/15,day,MTK,QAMT02,RUN,MT        ,6,6,MT9602FAAT/ACZAHIA202020-P20-H,5870,None,B,9755268
2024/08/15 08:50:03,2024/8/15,2024/8/15,day,XSG,QAMT03,IDLE_L,RT4       ,6,0,SSC377,nan,None,B,9755269
2024/08/15 08:50:03,2024/8/15,2024/8/15,day,MTK,QAMT04,RUN,RT1       ,6,6,MT9270DABJ/ABZBCA343434-MA2-H,5889,None,B,9755270
2024/08/15 08:50:03,2024/8/15,2024/8/15,day,MTK,QAMT05,ENG_L,MT        ,6,0,None,nan,None,B,9755271
2024/08/15 08:50:03,2024/8/15,2024/8/15,day,MTK,QAMT06,RUN,MT        ,6,6,MS7239BH9T/G0ZAHIA-I-H,MS7239,None,B,9755272
2024/08/15 08:50:03,2024/8/15,2024/8/15,day,NVO,QAMT07,SETUPW_L,EQC       ,6,0,NUC977DK63YC,nan,None,B,9755273
2024/08/15 08:50:03,2024/8/15,2024/8/15,day,MTK,QAMT08,RUNR,RT2       ,6,0,MT9010PBAT/BBZBHHA202020-H,5870,詹博閔,B,9755274
2024/08/15 08:50:03,2024/8/15,2024/8/15,day,MSL,QAMT09,RUN,MT        ,6,6,MT9255BADN/BAZBXDA2020-L,5862,None,B,9755275
2024/08/15 08:50:03,2024/8/15,2024/8/15,day,MTK,QAMT10,RUNR,MT        ,6,0,MT9653BAKT/ABZAHIA-P-H,5879,鍾智弦,B,9755276
2024/08/15 08:50:03,2024/8/15,2024/8/15,day,NVT,QAMT100,ENG_L,RT1       ,6,0,NT96671MQG/BABBACU,nan,None,B,9755277
2024/08/15 08:50:03,2024/8/15,2024/8/15,day,MTK,QAMT101,ENG_L,MT        ,6,0,MT9026EAAT/BCZACC3434-H,5873,None,B,9755278
2024/08/15 08:50:03,2024/8/15,2024/8/15,day,MSL,QAMT102,ENG_L,RT1       ,6,0,,nan,None,B,9755279
2024/08/15 08:50:03,2024/8/15,2024/8/15,day,MTK,QAMT103,RUN,MT        ,6,6,MT9603EAAT/BAZACC3434-H,5873,None,B,9755280
2024/08/15 08:50:03,2024/8/15,2024/8/15,day,NVT,QAMT104,IDLE_L,MT2       ,6,0,NT72335PG-VA/AAA,nan,None,B,9755281
2024/08/15 08:50:03,2024/8/15,2024/8/15,day,MTK,QAMT105,RUN,MT        ,6,6,MT9603EAAT/ACZACC3434-H,5873,None,B,9755282
2024/08/15 08:50:03,2024/8/15,2024/8/15,day,MTK,QAMT106,RUNP,MT        ,6,5,MT9602EAAT/BAZAHHD202020-H,5870,None,B,9755283
2024/08/15 08:50:03,2024/8/15,2024/8/15,day,MTK,QAMT107,RUN,MT2       ,6,6,MT9033BAAJ/BCZBCB343434-CLG34-H,5889,None,B,9755284
2024/08/15 08:50:03,2024/8/15,2024/8/15,day,MTK,QAMT108,RUN,EQC       ,6,6,MT9270DACJ/AFZBCA343434-MA2-H,5889,None,B,9755285
2024/08/15 08:50:03,2024/8/15,2024/8/15,day,NVT,QAMT109,RUNR,MT2       ,6,0,NT72335PG-VB/AAA,nan,蔡坤佑,B,9755286
2024/08/15 08:50:03,2024/8/15,2024/8/15,day,IDLE,QAMT11,IDLE_L,EQC       ,6,0,MS7249BJVI/SBZAHHA2020-H,MS7249,None,B,9755287
2024/08/15 08:50:03,2024/8/15,2024/8/15,day,MTK,QAMT110,RUN,MT2       ,6,6,MT9379ANV/OLAHHD-H,9379,None,B,9755288
2024/08/15 08:50:03,2024/8/15,2024/8/15,day,MTK,QAMT111,ENG_L,RT1       ,6,0,MT9010PBAT/BBZBHHA202020-H,5870,None,B,9755289
2024/08/15 08:50:03,2024/8/15,2024/8/15,day,MTK,QAMT112,IDLE_L,MT        ,6,0,MT9016OAAT/ABZACC3434-H,5873,None,B,9755290
2024/08/15 08:50:03,2024/8/15,2024/8/15,day,MTK,QAMT113,RUN,EQC       ,6,6,MT9270DABJ/ABZBCA343434-MA2-H,5889,None,B,9755291
2024/08/15 08:50:03,2024/8/15,2024/8/15,day,MSL,QAMT114,RUN,MT        ,6,6,MT9255BCAN/AAZBXDA2020-L,5862,None,B,9755292
2024/08/15 08:50:03,2024/8/15,2024/8/15,day,XST,QAMT115,RUN,MT        ,6,6,SAC8539,nan,None,B,9755293
2024/08/15 08:50:03,2024/8/15,2024/8/15,day,XSG,QAMT116,IDLE_L,EQC       ,6,0,None,nan,None,B,9755294
2024/08/15 08:50:03,2024/8/15,2024/8/15,day,NVT,QAMT117,RUN,RT4       ,6,6,SV72201PG/BAB-V,nan,None,B,9755295
2024/08/15 08:50:03,2024/8/15,2024/8/15,day,MTK,QAMT118,RUN,MT        ,6,6,MT9288GAAT/ABZAHIA2020-H,5870,None,B,9755296
2024/08/15 08:50:03,2024/8/15,2024/8/15,day,NVT,QAMT119,RUNR,MT        ,6,0,SV72203TBG/WABAACU,nan,黎煥新,B,9755297
2024/08/15 08:50:03,2024/8/15,2024/8/15,day,MTK,QAMT12,IDLE_L,EQC2      ,6,0,MT9022KAAT/ACZBCB3434-PVID-H,5889,None,B,9755298
2024/08/15 08:50:03,2024/8/15,2024/8/15,day,XSG,QAMT120,RUN,MT        ,6,6,SSR921G,nan,None,B,9755299
2024/08/15 08:50:03,2024/8/15,2024/8/15,day,XSG,QAMT121,IDLE_L,EQC2      ,6,0,SAC8542,nan,None,B,9755300
2024/08/15 08:50:03,2024/8/15,2024/8/15,day,NVT,QAMT122,RUN,MT        ,6,6,NT72690TBG-8C4K/WBBAACU,nan,None,B,9755301
2024/08/15 08:50:03,2024/8/15,2024/8/15,day,NVT,QAMT123,RUN,MT2       ,6,6,SV72203TBG/WABAACU,nan,None,B,9755302
2024/08/15 08:50:03,2024/8/15,2024/8/15,day,NVT,QAMT124,RUNR,MT2       ,6,0,SV72191BG/AAACUC-V,nan,黎煥新,B,9755303
2024/08/15 08:50:03,2024/8/15,2024/8/15,day,NVT,QAMT125,RUNR,RT2       ,6,0,NT72676BG-WA/BABCU,nan,蔡坤佑,B,9755304
2024/08/15 08:50:03,2024/8/15,2024/8/15,day,NVT,QAMT126,SETUPW,MT        ,6,0,SV72193BG/ABACU-V,nan,None,B,9755305
2024/08/15 08:50:03,2024/8/15,2024/8/15,day,NVT,QAMT127,RUNR,MT        ,6,0,SV72203TBG/WABAACU,nan,黎煥新,B,9755306
2024/08/15 08:50:03,2024/8/15,2024/8/15,day,NVT,QAMT128,RUN,MT        ,6,6,SV72203TBG/WABAACU,nan,None,B,9755307
2024/08/15 08:50:03,2024/8/15,2024/8/15,day,NVT,QAMT129,RUN,EQC       ,6,6,NT68581UPG/DAD,nan,None,B,9755308
2024/08/15 08:50:03,2024/8/15,2024/8/15,day,MTK,QAMT13,RUN,MT        ,6,6,MT9270DABJ/ABZBCA343434-MA2-H,5889,None,B,9755309
2024/08/15 08:50:03,2024/8/15,2024/8/15,day,NVT,QAMT130,RUN,RT1       ,6,6,SV72203TBG/WABAACU,nan,None,B,9755310
2024/08/15 08:50:03,2024/8/15,2024/8/15,day,NVT,QAMT131,IDLE_L,MT3       ,6,0,SV72203TBG/WABAACU,nan,None,B,9755311
2024/08/15 08:50:03,2024/8/15,2024/8/15,day,NVT,QAMT132,RUN,RT2       ,6,6,SV72187BG-8K/BBACU-V,nan,None,B,9755312
2024/08/15 08:50:03,2024/8/15,2024/8/15,day,MTK,QAMT133,ENG_L,EQC       ,6,0,MT9603EDAT/HCZACC3434-H,5873,None,B,9755313
2024/08/15 08:50:03,2024/8/15,2024/8/15,day,NVT,QAMT134,RUN,MT        ,6,6,SV72203TBG/WABAACU,nan,None,B,9755314
2024/08/15 08:50:03,2024/8/15,2024/8/15,day,NVT,QAMT135,RUN,MT        ,6,6,SV72203TBG/WABAACU,nan,None,B,9755315
2024/08/15 08:50:03,2024/8/15,2024/8/15,day,NVT,QAMT136,RUN,MT2       ,6,6,SV72203TBG/WABAACU,nan,None,B,9755316
2024/08/15 08:50:03,2024/8/15,2024/8/15,day,NVT,QAMT137,RUN,MT        ,6,6,NT72690TBG-8C2K/WBBAACUFQ,nan,None,B,9755317
2024/08/15 08:50:03,2024/8/15,2024/8/15,day,NVT,QAMT138,RUN,MT3       ,6,6,SV72203TBG/WABAACU,nan,None,B,9755318
2024/08/15 08:50:03,2024/8/15,2024/8/15,day,XSG,QAMT139,RUN,MT        ,6,6,None,nan,None,B,9755319
2024/08/15 08:50:03,2024/8/15,2024/8/15,day,MTK,QAMT14,REPAIR,MT2       ,6,0,None,nan,謝瑋軒,B,9755320
2024/08/15 08:50:03,2024/8/15,2024/8/15,day,NVT,QAMT140,RUN,MT        ,6,6,SV72203TBG/WABAACU,nan,None,B,9755321
2024/08/15 08:50:03,2024/8/15,2024/8/15,day,XSG,QAMT141,IDLE_L,MT        ,6,0,SSC377DE,nan,None,B,9755322
2024/08/15 08:50:03,2024/8/15,2024/8/15,day,NVT,QAMT142,RUN,MT2       ,6,6,NT72335PG-VB/AAA,nan,None,B,9755323
2024/08/15 08:50:03,2024/8/15,2024/8/15,day,NVT,QAMT143,RUNR,MT        ,6,0,SV72203TBG/WABAACU,nan,黎煥新,B,9755324
2024/08/15 08:50:03,2024/8/15,2024/8/15,day,NVT,QAMT144,RUN,MT        ,6,6,NT72690TBG-8C2K/WBBAACUFQ,nan,None,B,9755325
2024/08/15 08:50:03,2024/8/15,2024/8/15,day,NVT,QAMT145,RUN,MT        ,6,6,SV72221BG-27/AABCUB1,nan,None,B,9755326
2024/08/15 08:50:03,2024/8/15,2024/8/15,day,NVT,QAMT146,RUN,RT1       ,6,6,SV72203TBG/WABAACU,nan,None,B,9755327
2024/08/15 08:50:03,2024/8/15,2024/8/15,day,NVT,QAMT147,RUN,MT        ,6,6,SV72203TBG/WABAACU,nan,None,B,9755328
2024/08/15 08:50:03,2024/8/15,2024/8/15,day,NVT,QAMT148,RUN,MT        ,6,6,SV72203TBG/WABAACU,nan,None,B,9755329
2024/08/15 08:50:03,2024/8/15,2024/8/15,day,NVT,QAMT149,RUN,MT2       ,6,6,SV72203TBG/WABAACU,nan,None,B,9755330
2024/08/15 08:50:03,2024/8/15,2024/8/15,day,MTK,QAMT15,SETUPW_L,EQC2      ,6,0,MT9000AAAT/ADZBHHB343434-CSM34NB-H,5876,None,B,9755331
2024/08/15 08:50:03,2024/8/15,2024/8/15,day,MTK,QAMT150,RUN,MT        ,6,6,MT9016OAAT/ABZACC3434-H,5873,None,B,9755332
2024/08/15 08:50:03,2024/8/15,2024/8/15,day,MTK,QAMT151,RUN,RT2       ,6,6,MT9016OAAT/ABZACC3434-H,5873,None,B,9755333
2024/08/15 08:50:03,2024/8/15,2024/8/15,day,NVT,QAMT152,IDLE_L,MT        ,6,0,NT68108UFG/BABCU,nan,None,B,9755334
2024/08/15 08:50:03,2024/8/15,2024/8/15,day,HIM,QAMT153,RUN,MT        ,6,6,F6330A00DLCG004,nan,None,B,9755335
2024/08/15 08:50:03,2024/8/15,2024/8/15,day,MTK,QAMT154,IDLE_L,EQC       ,6,0,MT5835ABAQ/ACZBMB-H,5895,None,B,9755336
2024/08/15 08:50:03,2024/8/15,2024/8/15,day,MSL,QAMT155,RUN,MT        ,6,6,MT9255BCAN/AAZBXDA2020-L,5862,None,B,9755337
2024/08/15 08:50:03,2024/8/15,2024/8/15,day,MTK,QAMT156,RUNR,MT        ,6,0,MT9633GAAT/ABZACC-H,5873,林佳生,B,9755338
2024/08/15 08:50:03,2024/8/15,2024/8/15,day,MTK,QAMT157,RUN,RT1       ,6,6,MT9676EAAT/DCZACC3434-H,5873,None,B,9755339
2024/08/15 08:50:03,2024/8/15,2024/8/15,day,NVT,QAMT158,RUN,MT2       ,6,6,SV72203TBG/WABAACU,nan,None,B,9755340
2024/08/15 08:50:03,2024/8/15,2024/8/15,day,NVT,QAMT159,RUN,RT1       ,6,6,NT72690TBG-8C2K/WBBAACUFQ,nan,None,B,9755341
2024/08/15 08:50:03,2024/8/15,2024/8/15,day,MTK,QAMT16,RUN,MT        ,6,6,MT9011OSAT/CBZCCA34-H,5867,None,B,9755342
2024/08/15 08:50:03,2024/8/15,2024/8/15,day,NVT,QAMT160,RUN,RT2       ,6,6,SV72203TBG/WABAACU,nan,None,B,9755343
2024/08/15 08:50:03,2024/8/15,2024/8/15,day,NVT,QAMT161,RUN,MT        ,6,6,NT68873AUMFG/BABAACU,nan,None,B,9755344
2024/08/15 08:50:03,2024/8/15,2024/8/15,day,NVT,QAMT162,IDLE_L,EQC       ,6,0,NC98568MBG-D/AAADACU,nan,None,B,9755345
2024/08/15 08:50:03,2024/8/15,2024/8/15,day,MTK,QAMT163,RUN,EQC2      ,6,6,MT9270DABJ/ABZBCA343434-MA2-H,5889,None,B,9755346
2024/08/15 08:50:03,2024/8/15,2024/8/15,day,MTK,QAMT164,RUN,MT        ,6,6,MT9216AAAT/FBZACC2020-H,5867,None,B,9755347
2024/08/15 08:50:03,2024/8/15,2024/8/15,day,NVT,QAMT165,ENG_L,MT        ,6,0,NC96687TBG/BABAABACUE,nan,None,B,9755348
2024/08/15 08:50:03,2024/8/15,2024/8/15,day,NVT,QAMT166,RUN,MT        ,6,6,NT72690TBG-8C2K/WBBAACUFQ,nan,None,B,9755349
2024/08/15 08:50:03,2024/8/15,2024/8/15,day,NVT,QAMT167,RUN,MT        ,6,6,NC98529BG/AAACU,nan,None,B,9755350
2024/08/15 08:50:03,2024/8/15,2024/8/15,day,NVT,QAMT168,RUN,MT3       ,6,6,SV72203TBG/WABAACU,nan,None,B,9755351
2024/08/15 08:50:03,2024/8/15,2024/8/15,day,NVT,QAMT169,REPAIR,MT2       ,6,0,SV72201PG/BAB-V,nan,鍾智弦,B,9755352
2024/08/15 08:50:03,2024/8/15,2024/8/15,day,MTK,QAMT17,RUN,MT        ,6,6,MT9286AAAT/BBZACC3434-H,5867,None,B,9755353
2024/08/15 08:50:03,2024/8/15,2024/8/15,day,NVT,QAMT170,RUN,MT        ,6,6,NT72563MBG-C4/VBAAACU-V,nan,None,B,9755354
2024/08/15 08:50:03,2024/8/15,2024/8/15,day,NVT,QAMT171,RUN,EQC2      ,6,6,NT72335PG-VB/AAA,nan,None,B,9755355
2024/08/15 08:50:03,2024/8/15,2024/8/15,day,MTK,QAMT172,RUN,MT        ,6,6,MT9653BADT/ABZAHHB-P-H,5879,None,B,9755356
2024/08/15 08:50:03,2024/8/15,2024/8/15,day,JMT,QAMT173,IDLE_L,RT1       ,6,0,JR0586A1-QHBD,nan,None,B,9755357
2024/08/15 08:50:03,2024/8/15,2024/8/15,day,NVT,QAMT174,RUNP,MT2       ,6,5,NT72327PG/AAA,nan,None,B,9755358
2024/08/15 08:50:03,2024/8/15,2024/8/15,day,MTK,QAMT175,RUNP,MT        ,6,5,MT9617OAAT/ACZBCB3434-H,5889,None,B,9755359
2024/08/15 08:50:03,2024/8/15,2024/8/15,day,MTK,QAMT176,RUN,MT        ,6,6,MT9660AAAT/DBZACC3434-H,5873,None,B,9755360
2024/08/15 08:50:03,2024/8/15,2024/8/15,day,NVT,QAMT177,DOWN,MT2       ,6,0,NC98529BG/AAACU,nan,None,B,9755361
2024/08/15 08:50:03,2024/8/15,2024/8/15,day,NVT,QAMT178,IDLE_L,RT2       ,6,0,SV68811UMFG/CBBAACUN,nan,None,B,9755362
2024/08/15 08:50:03,2024/8/15,2024/8/15,day,NVT,QAMT179,RUN,MT2       ,6,6,NT72335PG-VB/AAA,nan,None,B,9755363
2024/08/15 08:50:03,2024/8/15,2024/8/15,day,MTK,QAMT18,RUN,MT        ,6,6,MT9685IAAT/ACZAHHD050505-P05-H,5871,None,B,9755364
2024/08/15 08:50:03,2024/8/15,2024/8/15,day,MSL,QAMT180,RUN,RT2       ,6,6,MT6878V/ZAHJB-H,6878,None,B,9755365
2024/08/15 08:50:03,2024/8/15,2024/8/15,day,MSL,QAMT181,RUN,MT        ,6,6,MT6878V/ZAHJB-H,6878,None,B,9755366
2024/08/15 08:50:03,2024/8/15,2024/8/15,day,MSL,QAMT182,RUN,MT        ,6,6,MT6878V/ZAHJB-H,6878,None,B,9755367
2024/08/15 08:50:03,2024/8/15,2024/8/15,day,MSL,QAMT183,RUN,MT        ,6,6,MT6878V/ZAHJB-H,6878,None,B,9755368
2024/08/15 08:50:03,2024/8/15,2024/8/15,day,MSL,QAMT184,RUN,MT        ,6,6,MT6878V/ZAHJB-H,6878,None,B,9755369
2024/08/15 08:50:03,2024/8/15,2024/8/15,day,MTK,QAMT185,ENG_L,EQC       ,6,0,None,nan,None,B,9755370
2024/08/15 08:50:03,2024/8/15,2024/8/15,day,MSL,QAMT186,SETUP,MT        ,6,0,型號 6855,nan,黃紀群,B,9755371
2024/08/15 08:50:03,2024/8/15,2024/8/15,day,MTK,QAMT187,RUN,MT        ,6,6,MT9633GAAT/ABZACC-H,5873,None,B,9755372
2024/08/15 08:50:03,2024/8/15,2024/8/15,day,MSL,QAMT188,RUN,MT        ,6,6,MT9255BADN/BAZBXDA2020-L,5862,None,B,9755373
2024/08/15 08:50:03,2024/8/15,2024/8/15,day,MTK,QAMT189,ENG_L,MT        ,6,0,MT9603EAAT/ADZACC3434-H,5873,None,B,9755374
2024/08/15 08:50:03,2024/8/15,2024/8/15,day,MTK,QAMT19,RUNP,MT        ,6,5,MT9011CSAT/BBZACC3434-H,5867,None,B,9755375
2024/08/15 08:50:03,2024/8/15,2024/8/15,day,MTK,QAMT190,RUN,MT        ,6,6,MT9603EDAT/HCZACC3434-H,5873,None,B,9755376
2024/08/15 08:50:03,2024/8/15,2024/8/15,day,MTK,QAMT191,RUN,MT        ,6,6,MT9216AAAT/FBZACC2020-H,5867,None,B,9755377
2024/08/15 08:50:03,2024/8/15,2024/8/15,day,MTK,QAMT192,REPAIR,RT1       ,6,0,MT5838AAAQ/FCZAHIE-CSY-H,5897,鍾智弦,B,9755378
2024/08/15 08:50:03,2024/8/15,2024/8/15,day,MTK,QAMT193,IDLE_L,MT2       ,6,0,MT9687BSMT/BCZAHHC3434-CSY-H,5876,None,B,9755379
2024/08/15 08:50:03,2024/8/15,2024/8/15,day,MTK,QAMT194,RUN,EQC       ,6,6,MT9679BAAT/DFZAHIA-H,5879,None,B,9755380
2024/08/15 08:50:03,2024/8/15,2024/8/15,day,ARHT,QAMT195,IDLE_L,MT        ,6,0,AN8855RN/ACB-PCU-L,nan,None,B,9755381
2024/08/15 08:50:03,2024/8/15,2024/8/15,day,MTK,QAMT196,RUN,EQC       ,6,6,MT9270DABJ/ABZBCA343434-MA2-H,5889,None,B,9755382
2024/08/15 08:50:03,2024/8/15,2024/8/15,day,MTK,QAMT197,RUN,MT        ,6,6,MT9010PBAT/BBZBHHA202020-H,5870,None,B,9755383
2024/08/15 08:50:03,2024/8/15,2024/8/15,day,MTK,QAMT198,SETUPW_L,EQC2      ,6,0,MT9603EAAT/BAZACC3434-H,5873,None,B,9755384
2024/08/15 08:50:03,2024/8/15,2024/8/15,day,MTK,QAMT199,RUN,MT        ,6,6,MT9687BSMT/BCZAHHC3434-CSY-H,5876,None,B,9755385
2024/08/15 08:50:03,2024/8/15,2024/8/15,day,NVO,QAMT20,RUN,MT        ,6,6,NUC1262YE4AE,nan,None,B,9755386
2024/08/15 08:50:03,2024/8/15,2024/8/15,day,HIM,QAMT200,IDLE_L,MT        ,6,0,F8876N00DDDG000,nan,None,B,9755387
2024/08/15 08:50:03,2024/8/15,2024/8/15,day,NVT,QAMT201,REPAIR,MT        ,6,0,NT98568MBG-D/AAADACU,nan,謝文堂,B,9755388
2024/08/15 08:50:03,2024/8/15,2024/8/15,day,NVT,QAMT202,RUN,MT2       ,6,6,NT72327PG/AAA,nan,None,B,9755389
2024/08/15 08:50:03,2024/8/15,2024/8/15,day,NVT,QAMT203,RUN,MT        ,6,6,NT72690TBG-8C4K/WBBAACU,nan,None,B,9755390
2024/08/15 08:50:03,2024/8/15,2024/8/15,day,NVT,QAMT204,RUN,RT1       ,6,6,NT72676BG-WA/BABCU,nan,None,B,9755391
2024/08/15 08:50:03,2024/8/15,2024/8/15,day,NVT,QAMT205,DOWN,MT        ,6,0,NT72690TBG-8C2K/WBBAACUFQ,nan,None,B,9755392
2024/08/15 08:50:03,2024/8/15,2024/8/15,day,NVT,QAMT206,IDLE_L,EQC2      ,6,0,NT72326PG/AAA,nan,None,B,9755393
2024/08/15 08:50:03,2024/8/15,2024/8/15,day,NVT,QAMT207,IDLE_L,EQC2      ,6,0,NT72326PG/AAA,nan,None,B,9755394
2024/08/15 08:50:03,2024/8/15,2024/8/15,day,MTK,QAMT208,RUN,MT2       ,6,6,MT9270DABJ/ABZBCA343434-MA2-H,5889,None,B,9755395
2024/08/15 08:50:03,2024/8/15,2024/8/15,day,MTK,QAMT209,RUN,MT2       ,6,6,MT9270DACJ/AFZBCA343434-MA2-H,5889,None,B,9755396
2024/08/15 08:50:03,2024/8/15,2024/8/15,day,MTK,QAMT21,RUN,MT        ,6,6,MT9602EAAT/LBZAHHD202020-H,5870,None,B,9755397
2024/08/15 08:50:03,2024/8/15,2024/8/15,day,MTK,QAMT210,RUN,RT1       ,6,6,MT5583GAAT/ABZAHIA2020-H,5870,None,B,9755398
2024/08/15 08:50:03,2024/8/15,2024/8/15,day,ARHT,QAMT211,IDLE_L,RT2       ,6,0,MT5711CNAT/IAACB20-H,5711,None,B,9755399
2024/08/15 08:50:03,2024/8/15,2024/8/15,day,ARHT,QAMT212,RUN,MT        ,6,6,MT5251AABJ/NAZAHHD-H,5751,None,B,9755400
2024/08/15 08:50:03,2024/8/15,2024/8/15,day,MTK,QAMT213,RUN,MT        ,6,6,MT9701KGSU/AGAHHB05-L,9701,None,B,9755401
2024/08/15 08:50:03,2024/8/15,2024/8/15,day,NVT,QAMT214,RUN,MT2       ,6,6,NT72335PG-D1/AAA,nan,None,B,9755402
2024/08/15 08:50:03,2024/8/15,2024/8/15,day,MTK,QAMT215,RUNR,MT        ,6,0,MT9016CWAT/ABZACC3434-H,5873,鍾智弦,B,9755403
2024/08/15 08:50:03,2024/8/15,2024/8/15,day,MTK,QAMT216,SETUP,EQC       ,6,0,MT9633GAAT/ABZACC-H,5873,朱利鴻,B,9755404
2024/08/15 08:50:03,2024/8/15,2024/8/15,day,MTK,QAMT217,SETUP,EQC       ,6,0,MT9669SAAJ/CBZBHHC3434-H,5888,徐量建,B,9755405
2024/08/15 08:50:03,2024/8/15,2024/8/15,day,MTK,QAMT218,RUN,MT        ,6,6,MT5838AAAQ/CCZAHIE-H,5897,None,B,9755406
2024/08/15 08:50:03,2024/8/15,2024/8/15,day,XST,QAMT219,SETUPW,EQC       ,6,0,SAV127G2,nan,None,B,9755407
2024/08/15 08:50:03,2024/8/15,2024/8/15,day,MTK,QAMT22,RUN,MT        ,6,6,MS7239BH9T/G0ZAHIA-I-H,MS7239,None,B,9755408
2024/08/15 08:50:03,2024/8/15,2024/8/15,day,MSL,QAMT220,RUN,EQC       ,6,6,MT9269EDAT/AAZBXDA2020-H,5862,None,B,9755409
2024/08/15 08:50:03,2024/8/15,2024/8/15,day,XSG,QAMT221,IDLE_L,RT1       ,6,0,SAV606D,nan,None,B,9755410
2024/08/15 08:50:03,2024/8/15,2024/8/15,day,JMT,QAMT222,IDLE_L,EQC       ,6,0,JR0168A2-MAAB,nan,None,B,9755411
2024/08/15 08:50:03,2024/8/15,2024/8/15,day,HIM,QAMT223,RUN,RT1       ,6,6,F5245A00DLBG000,nan,None,B,9755412
2024/08/15 08:50:03,2024/8/15,2024/8/15,day,JMT,QAMT224,IDLE_L,MT        ,6,0,JR0585B0-QHAB,nan,None,B,9755413
2024/08/15 08:50:03,2024/8/15,2024/8/15,day,NVO,QAMT23,RUN,MT        ,6,6,AIHMIT8U5,nan,None,B,9755414
2024/08/15 08:50:03,2024/8/15,2024/8/15,day,NVO,QAMT24,RUN,MT        ,6,6,M2351KIAAE,nan,None,B,9755415
2024/08/15 08:50:03,2024/8/15,2024/8/15,day,XST,QAMT26,IDLE_L,MT        ,6,0,None,nan,None,B,9755416
2024/08/15 08:50:03,2024/8/15,2024/8/15,day,AMI,QAMT28,IDLE_L,          ,6,0,None,nan,None,B,9755417
2024/08/15 08:50:03,2024/8/15,2024/8/15,day,NVO,QAMT29,RUN,RT2       ,6,6,NUC972DF63YC,nan,None,B,9755418
2024/08/15 08:50:03,2024/8/15,2024/8/15,day,MTK,QAMT30,RUN,MT        ,6,6,MT9011OSAT/CBZCCA34-H,5867,None,B,9755419
2024/08/15 08:50:03,2024/8/15,2024/8/15,day,IDLE,QAMT31,IDLE_L,RT3       ,6,0,MS7241A/Q0ZAHHC2020-CLG-H,MS7241,None,B,9755420
2024/08/15 08:50:03,2024/8/15,2024/8/15,day,MTK,QAMT32,SETUPW,EQC       ,6,0,MS7250Z1U/N3ACC20-L,MS7250,None,B,9755421
2024/08/15 08:50:03,2024/8/15,2024/8/15,day,ARHT,QAMT33,RUN,MT        ,6,6,MT5711CNOT/DAACB20-H,5711,None,B,9755422
2024/08/15 08:50:03,2024/8/15,2024/8/15,day,MTK,QAMT34,DOWN,MT        ,6,0,MT9618GABT/ABZAHHB-P-H,5879,None,B,9755423
2024/08/15 08:50:03,2024/8/15,2024/8/15,day,NVO,QAMT35,RUN,RT1       ,6,6,NUC1262YE4AE,nan,None,B,9755424
2024/08/15 08:50:03,2024/8/15,2024/8/15,day,MTK,QAMT36,RUN,MT        ,6,6,MT9270DABJ/ABZBCA343434-MA2-H,5889,None,B,9755425
2024/08/15 08:50:03,2024/8/15,2024/8/15,day,MTK,QAMT37,RUN,MT        ,6,6,MT9270DABJ/ABZBCA343434-MA2-H,5889,None,B,9755426
2024/08/15 08:50:03,2024/8/15,2024/8/15,day,XSG,QAMT38,RUNP,MT        ,6,5,SSC377D,nan,None,B,9755427
2024/08/15 08:50:03,2024/8/15,2024/8/15,day,MTK,QAMT39,RUN,MT        ,6,6,MT9685IAAT/ACZAHHD050505-P05-H,5871,None,B,9755428
2024/08/15 08:50:03,2024/8/15,2024/8/15,day,MTK,QAMT40,RUN,MT        ,6,6,MT9611IAAT/KBZAHHD050505-P05-H,5871,None,B,9755429
2024/08/15 08:50:03,2024/8/15,2024/8/15,day,ARHT,QAMT41,SETUPW_L,RT5       ,6,0,MS7245PE2U/70AZAA20-L,MS7245,None,B,9755430
2024/08/15 08:50:03,2024/8/15,2024/8/15,day,MSL,QAMT42,RUNR,MT        ,6,0,MT9255BADN/BAZBXDA2020-L,5862,郭弘楨,B,9755431
2024/08/15 08:50:03,2024/8/15,2024/8/15,day,MTK,QAMT43,RUN,RT1       ,6,6,MT5583GAAT/ABZAHIA2020-H,5870,None,B,9755432
2024/08/15 08:50:03,2024/8/15,2024/8/15,day,MSL,QAMT44,RUN,MT        ,6,6,MT9269AAAN/AAZBXDA20-L,5862,None,B,9755433
2024/08/15 08:50:03,2024/8/15,2024/8/15,day,MSL,QAMT45,RUN,MT        ,6,6,MT9255BADN/BAZBXDA2020-L,5862,None,B,9755434
2024/08/15 08:50:03,2024/8/15,2024/8/15,day,MTK,QAMT46,RUN,MT        ,6,6,MT9010PBAT/BBZBHHA202020-H,5870,None,B,9755435
2024/08/15 08:50:03,2024/8/15,2024/8/15,day,MTK,QAMT47,RUNR,MT        ,6,0,MT9010PBAT/BBZBHHA202020-H,5870,李恩誌,B,9755436
2024/08/15 08:50:03,2024/8/15,2024/8/15,day,MTK,QAMT48,RUNP,MT        ,6,5,MT9011OSAT/CBZCCA34-H,5867,None,B,9755437
2024/08/15 08:50:03,2024/8/15,2024/8/15,day,NVT,QAMT49,IDLE_L,RT1       ,6,0,NT68293XUMFG/EABBACU,nan,None,B,9755438
2024/08/15 08:50:03,2024/8/15,2024/8/15,day,NVT,QAMT50,RUN,MT        ,6,6,SV72193BG/ABACU-V,nan,None,B,9755439
2024/08/15 08:50:03,2024/8/15,2024/8/15,day,NVT,QAMT51,RUN,MT        ,6,6,NT68874AUMFG/BABAACU,nan,None,B,9755440
2024/08/15 08:50:03,2024/8/15,2024/8/15,day,MSL,QAMT52,RUN,MT        ,6,6,MT9255BCAN/AAZBXDA2020-L,5862,None,B,9755441
2024/08/15 08:50:03,2024/8/15,2024/8/15,day,MTK,QAMT53,RUN,MT        ,6,6,MS7250Z1A/E3ACC2020-H,MS7250,None,B,9755442
2024/08/15 08:50:03,2024/8/15,2024/8/15,day,MTK,QAMT54,ENG_L,MT        ,6,0,MT9633GAAT/ABZACC-H,5873,None,B,9755443
2024/08/15 08:50:03,2024/8/15,2024/8/15,day,SUN,QAMT55,IDLE_L,EQC       ,6,0,QFF635A-N-JLXF2,nan,None,B,9755444
2024/08/15 08:50:03,2024/8/15,2024/8/15,day,MSL,QAMT56,RUN,MT        ,6,6,MT9269AAAN/AAZBXDA20-L,5862,None,B,9755445
2024/08/15 08:50:03,2024/8/15,2024/8/15,day,MTK,QAMT57,IDLE_L,MT        ,6,0,MT9900AAAQ/RCZBMB-H,5895,None,B,9755446
2024/08/15 08:50:03,2024/8/15,2024/8/15,day,MTK,QAMT58,RUN,MT        ,6,6,MT9603EAAT/BAZACC3434-H,5873,None,B,9755447
2024/08/15 08:50:03,2024/8/15,2024/8/15,day,NVT,QAMT59,RUN,MT        ,6,6,NT68873AUMFG/BABAACU,nan,None,B,9755448
2024/08/15 08:50:03,2024/8/15,2024/8/15,day,MTK,QAMT60,IDLE_L,RT1       ,6,0,MT9900AAAQ/RCZBMB-H,5895,None,B,9755449
2024/08/15 08:50:03,2024/8/15,2024/8/15,day,MTK,QAMT61,RUN,MT        ,6,6,MT9216AAAT/FBZACC2020-H,5867,None,B,9755450
2024/08/15 08:50:03,2024/8/15,2024/8/15,day,MTK,QAMT62,RUN,MT        ,6,6,MT9216AAAT/FBZACC2020-H,5867,None,B,9755451
2024/08/15 08:50:03,2024/8/15,2024/8/15,day,MTK,QAMT63,RUN,MT        ,6,6,MT9011BWAT/BBZACC2020-H,5867,None,B,9755452
2024/08/15 08:50:03,2024/8/15,2024/8/15,day,MTK,QAMT64,RUN,MT        ,6,6,MT9011BWAT/BBZACC2020-H,5867,None,B,9755453
2024/08/15 08:50:03,2024/8/15,2024/8/15,day,MTK,QAMT65,RUN,MT        ,6,6,MT9618BAAT/ABZAHHB-H,5879,None,B,9755454
2024/08/15 08:50:03,2024/8/15,2024/8/15,day,MTK,QAMT66,RUN,MT        ,6,6,MT5586EAAT/AAZACC3434-H,5873,None,B,9755455
2024/08/15 08:50:03,2024/8/15,2024/8/15,day,ETR,QAMT67,RUN,MT        ,6,6,EM73D044VCR-H,nan,None,B,9755456
2024/08/15 08:50:03,2024/8/15,2024/8/15,day,HIM,QAMT68,IDLE_L,MT        ,6,0,F8890J00DDGG000,nan,None,B,9755457
2024/08/15 08:50:03,2024/8/15,2024/8/15,day,MTK,QAMT69,ENG_L,MT        ,6,0,MT5877AYYT/YYZAMB343434-E34TTBZA-H,5877,None,B,9755458
2024/08/15 08:50:03,2024/8/15,2024/8/15,day,ARHT,QAMT70,IDLE_L,EQC       ,6,0,None,nan,None,B,9755459
2024/08/15 08:50:03,2024/8/15,2024/8/15,day,MTK,QAMT71,IDLE_L,MT        ,6,0,MT9011CSAT/BBZACC3434-H,5867,None,B,9755460
2024/08/15 08:50:03,2024/8/15,2024/8/15,day,MTK,QAMT72,IDLE_L,MT        ,6,0,MT9011CSAT/BBZACC3434-H,5867,None,B,9755461
2024/08/15 08:50:03,2024/8/15,2024/8/15,day,MSL,QAMT73,RUN,MT        ,6,6,MT6878V/ZAHJB-H,6878,None,B,9755462
2024/08/15 08:50:03,2024/8/15,2024/8/15,day,MSL,QAMT74,RUN,MT        ,6,6,MT9255BCAN/AAZBXDA2020-L,5862,None,B,9755463
2024/08/15 08:50:03,2024/8/15,2024/8/15,day,MTK,QAMT75,RUN,MT2       ,6,6,MT9369DNW/OLAHHA-H,9369,None,B,9755464
2024/08/15 08:50:03,2024/8/15,2024/8/15,day,MSL,QAMT76,RUN,MT        ,6,6,MT6878V/ZAHJB-H,6878,None,B,9755465
2024/08/15 08:50:03,2024/8/15,2024/8/15,day,MSL,QAMT77,RUN,MT        ,6,6,MT6878V/ZAHJB-H,6878,None,B,9755466
2024/08/15 08:50:03,2024/8/15,2024/8/15,day,MSL,QAMT78,SETUP,MT        ,6,0,型號6855,nan,黃紀群,B,9755467
2024/08/15 08:50:03,2024/8/15,2024/8/15,day,MST,QAMT79,SETUPW_L,MT        ,6,0,MSL MT6855,nan,None,B,9755468
2024/08/15 08:50:03,2024/8/15,2024/8/15,day,MTK,QAMT80,ENG_L,MT        ,6,0,MT9801BEQT/BDZAHHC2020-H,9810,None,B,9755469
2024/08/15 08:50:03,2024/8/15,2024/8/15,day,NVT,QAMT81,RUN,MT        ,6,6,NC68830UFG/CBBCU,nan,None,B,9755470
2024/08/15 08:50:03,2024/8/15,2024/8/15,day,NVT,QAMT82,RUN,MT        ,6,6,SV72193BG/ABACU-V,nan,None,B,9755471
2024/08/15 08:50:03,2024/8/15,2024/8/15,day,NVT,QAMT83,RUNR,MT2       ,6,0,SV72203TBG/WABAACU,nan,黃紹檳,B,9755472
2024/08/15 08:50:03,2024/8/15,2024/8/15,day,NVT,QAMT84,RUN,MT        ,6,6,SV72187BG-8K/BBACU-V,nan,None,B,9755473
2024/08/15 08:50:03,2024/8/15,2024/8/15,day,NVT,QAMT85,RUN,RT1       ,6,6,NT72335PG-VA/AAA,nan,None,B,9755474
2024/08/15 08:50:03,2024/8/15,2024/8/15,day,MTK,QAMT86,ENG_L,MT2       ,6,0,MT5877BYYT/YYZAMB-ETTEZA-H,5877,None,B,9755475
2024/08/15 08:50:03,2024/8/15,2024/8/15,day,MSL,QAMT87,SETUPW_L,MT2       ,6,0,型號6855,nan,None,B,9755476
2024/08/15 08:50:03,2024/8/15,2024/8/15,day,MTK,QAMT88,IDLE,MT        ,6,0,None,nan,None,B,9755477
2024/08/15 08:50:03,2024/8/15,2024/8/15,day,MTK,QAMT89,ENG_L,MT2       ,6,0,MT9655BAAT/ACZBMB-ETTTTY-H,5877,None,B,9755478
2024/08/15 08:50:03,2024/8/15,2024/8/15,day,MSL,QAMT90,RUNR,RT1       ,6,0,MT6878V/ZAHJB-H,6878,詹博閔,B,9755479
2024/08/15 08:50:03,2024/8/15,2024/8/15,day,MTK,QAMT91,IDLE_L,MT        ,6,0,None,nan,None,B,9755480
2024/08/15 08:50:03,2024/8/15,2024/8/15,day,MTK,QAMT92,IDLE_L,MT2       ,6,0,MT9016CWAT/ABZACC3434-H,5873,None,B,9755481
2024/08/15 08:50:03,2024/8/15,2024/8/15,day,NVT,QAMT93,RUN,MT        ,6,6,NT72690TBG-8C4K/WBBAACU,nan,None,B,9755482
2024/08/15 08:50:03,2024/8/15,2024/8/15,day,NVT,QAMT94,RUN,MT2       ,6,6,SV72203TBG/WABAACU,nan,None,B,9755483
2024/08/15 08:50:03,2024/8/15,2024/8/15,day,NVT,QAMT95,RUN,MT        ,6,6,SV72203TBG/WABAACU,nan,None,B,9755484
2024/08/15 08:50:03,2024/8/15,2024/8/15,day,ARHT,QAMT96,RUN,MT        ,6,6,MT5711CNOT/DAACB20-H,5711,None,B,9755485
2024/08/15 08:50:03,2024/8/15,2024/8/15,day,MTK,QAMT97,RUNR,MT        ,6,0,MT9010PBAT/BBZBHHA202020-H,5870,林佳生,B,9755486
2024/08/15 08:50:03,2024/8/15,2024/8/15,day,MSL,QAMT98,RUN,MT        ,6,6,MT9269AAAN/AAZBXDA20-L,5862,None,B,9755487
2024/08/15 08:50:03,2024/8/15,2024/8/15,day,MTK,QAMT99,IDLE_L,MT        ,6,0,MT9603EDAT/HCZACC3434-H,5873,None,B,9755488
